dscName,cmpLongName,dscCurrentActivityStatus,dscHcType,wlbName,nmaName,fldName,dscDateFromInclInField,dscDiscoveryYear,dscResInclInDiscoveryName,dscOwnerKind,dscOwnerName,dscNpdidDiscovery,fldNpdidField,wlbNpdidWellbore,dscFactPageUrl,dscFactMapUrl
15/12-18 A,MOL Norge AS,Included in other discovery,OIL,15/12-18 A,North sea,,,2007,15/12-18 S (Storskrymten),PRODUCTION LICENSE,773,4554325,,5608,http://factpages.npd.no/FactPages/default.aspx?nav1=discovery&nav2=PageView|All&nav3=4554325,http://gis.npd.no/factmaps/html_21/?run=DiscoveryByNPDID&NPDID=4554325
15/12-19,A/S Norske Shell,Included in other discovery,GAS,15/12-19,North sea,GAUPE,25.06.2010,2008,6/3-1 PI,PRODUCTION LICENSE,292,4972729,18161341,5705,http://factpages.npd.no/FactPages/default.aspx?nav1=discovery&nav2=PageView|All&nav3=4972729,http://gis.npd.no/factmaps/html_21/?run=FieldByNPDID&NPDID=18161341
15/12-20 S,Repsol Norge AS,Included in other discovery,OIL,15/12-20 S,North sea,VARG,01.12.2008,2008,15/12-4 VARG,PRODUCTION LICENSE,038,5010042,43451,5824,http://factpages.npd.no/FactPages/default.aspx?nav1=discovery&nav2=PageView|All&nav3=5010042,http://gis.npd.no/factmaps/html_21/?run=FieldByNPDID&NPDID=43451
15/3-9,Statoil Petroleum AS,Included in other discovery,OIL/GAS,15/3-9,North sea,GUDRUN,19.12.2013,2010,15/3-1 S GUDRUN,PRODUCTION LICENSE,025,18212532,18116481,6354,http://factpages.npd.no/FactPages/default.aspx?nav1=discovery&nav2=PageView|All&nav3=18212532,http://gis.npd.no/factmaps/html_21/?run=FieldByNPDID&NPDID=18116481
15/9-17 LOKE,Statoil Petroleum AS,Included in other discovery,GAS/CONDENSATE,15/9-17,North sea,SLEIPNER ØST,05.01.2001,1983,15/9-9 SLEIPNER ØST,BUSINESS ARRANGEMENT AREA,SLEIPNER ØST UNIT,43928,43478,60,http://factpages.npd.no/FactPages/default.aspx?nav1=discovery&nav2=PageView|All&nav3=43928,http://gis.npd.no/factmaps/html_21/?run=FieldByNPDID&NPDID=43478
15/9-20 S,Statoil Petroleum AS,Included in other discovery,GAS/CONDENSATE,15/9-20 S,North sea,GUNGNE,02.11.2000,1994,15/9-15 GUNGNE,PRODUCTION LICENSE,046,43940,43464,2319,http://factpages.npd.no/FactPages/default.aspx?nav1=discovery&nav2=PageView|All&nav3=43940,http://gis.npd.no/factmaps/html_21/?run=FieldByNPDID&NPDID=43464
15/9-B-1,Statoil Petroleum AS,Included in other discovery,GAS/CONDENSATE,15/9-B-1,North sea,SLEIPNER VEST,24.11.2010,2009,15/6-3 SLEIPNER VEST,BUSINESS ARRANGEMENT AREA,SLEIPNER VEST UNIT,17250040,43457,5870,http://factpages.npd.no/FactPages/default.aspx?nav1=discovery&nav2=PageView|All&nav3=17250040,http://gis.npd.no/factmaps/html_21/?run=FieldByNPDID&NPDID=43457
16/1-7,Aker BP ASA,Included in other discovery,OIL,16/1-7,North sea,IVAR AASEN,21.05.2013,2004,16/1-9 IVAR AASEN,BUSINESS ARRANGEMENT AREA,IVAR AASEN UNIT,2819923,23384520,4928,http://factpages.npd.no/FactPages/default.aspx?nav1=discovery&nav2=PageView|All&nav3=2819923,http://gis.npd.no/factmaps/html_21/?run=FieldByNPDID&NPDID=23384520
16/7-7 S,ExxonMobil Exploration and Production Norway AS,Included in other discovery,OIL,16/7-7 S,North sea,SIGYN,31.08.2001,1997,16/7-4 SIGYN,PRODUCTION LICENSE,072,45641,1630100,3244,http://factpages.npd.no/FactPages/default.aspx?nav1=discovery&nav2=PageView|All&nav3=45641,http://gis.npd.no/factmaps/html_21/?run=FieldByNPDID&NPDID=1630100
2/11-10 S,Aker BP ASA,Included in other discovery,OIL,2/11-10 S,North sea,HOD,09.01.1997,1994,2/11-2 HOD,PRODUCTION LICENSE,033,43994,43485,2297,http://factpages.npd.no/FactPages/default.aspx?nav1=discovery&nav2=PageView|All&nav3=43994,http://gis.npd.no/factmaps/html_21/?run=FieldByNPDID&NPDID=43485
2/1-9 GYDA SØR,Repsol Norge AS,Included in other discovery,OIL,2/1-9,North sea,GYDA,19.11.2001,1991,2/1-3 GYDA,PRODUCTION LICENSE,019 B,44018,43492,1667,http://factpages.npd.no/FactPages/default.aspx?nav1=discovery&nav2=PageView|All&nav3=44018,http://gis.npd.no/factmaps/html_21/?run=FieldByNPDID&NPDID=43492
2/4-23 S (Julius),Statoil Petroleum AS,Included in other discovery,GAS/CONDENSATE,2/4-23 S,North sea,,,2015,2/4-21 (King Lear),PRODUCTION LICENSE,146,26463461,,7657,http://factpages.npd.no/FactPages/default.aspx?nav1=discovery&nav2=PageView|All&nav3=26463461,http://gis.npd.no/factmaps/html_21/?run=DiscoveryByNPDID&NPDID=26463461
2/7-31,ConocoPhillips Skandinavia AS,Included in other discovery,OIL,2/7-31,North sea,,,1999,2/7-19 (Ebba),PRODUCTION LICENSE,018,105311,,3573,http://factpages.npd.no/FactPages/default.aspx?nav1=discovery&nav2=PageView|All&nav3=105311,http://gis.npd.no/factmaps/html_21/?run=DiscoveryByNPDID&NPDID=105311
2/7-8,ConocoPhillips Skandinavia AS,Included in other discovery,OIL,2/7-8,North sea,ELDFISK,,1973,2/7-1 ELDFISK,PRODUCTION LICENSE,018,44156,43527,267,http://factpages.npd.no/FactPages/default.aspx?nav1=discovery&nav2=PageView|All&nav3=44156,http://gis.npd.no/factmaps/html_21/?run=FieldByNPDID&NPDID=43527
24/6-4 ALVHEIM,Aker BP ASA,Included in other discovery,OIL/GAS,24/6-4,North sea,ALVHEIM,08.10.2004,2003,24/6-2 ALVHEIM,PRODUCTION LICENSE,203,2472552,2845712,4745,http://factpages.npd.no/FactPages/default.aspx?nav1=discovery&nav2=PageView|All&nav3=2472552,http://gis.npd.no/factmaps/html_21/?run=FieldByNPDID&NPDID=2845712
25/11-25 S SVALIN,Statoil Petroleum AS,Included in other discovery,OIL,25/11-25 S,North sea,SVALIN,23.11.2012,2008,25/11-16 SVALIN,PRODUCTION LICENSE,169,4972673,22507971,5642,http://factpages.npd.no/FactPages/default.aspx?nav1=discovery&nav2=PageView|All&nav3=4972673,http://gis.npd.no/factmaps/html_21/?run=FieldByNPDID&NPDID=22507971
25/2-17,Aker BP ASA,Included in other discovery,OIL,25/2-17,North sea,,,2009,25/2-10 S (Frigg-GammaDelta),PRODUCTION LICENSE,442,17237215,,6215,http://factpages.npd.no/FactPages/default.aspx?nav1=discovery&nav2=PageView|All&nav3=17237215,http://gis.npd.no/factmaps/html_21/?run=DiscoveryByNPDID&NPDID=17237215
25/4-10 S,Aker BP ASA,Included in other discovery,OIL,25/4-10 S,North sea,ALVHEIM,21.11.2010,2009,24/6-2 ALVHEIM,PRODUCTION LICENSE,203,17256863,2845712,6253,http://factpages.npd.no/FactPages/default.aspx?nav1=discovery&nav2=PageView|All&nav3=17256863,http://gis.npd.no/factmaps/html_21/?run=FieldByNPDID&NPDID=2845712
25/4-7 ALVHEIM,Aker BP ASA,Included in other discovery,OIL,25/4-7,North sea,ALVHEIM,08.10.2004,2003,24/6-2 ALVHEIM,PRODUCTION LICENSE,203,2420578,2845712,4716,http://factpages.npd.no/FactPages/default.aspx?nav1=discovery&nav2=PageView|All&nav3=2420578,http://gis.npd.no/factmaps/html_21/?run=FieldByNPDID&NPDID=2845712
25/5-4 BYGGVE,Total E&P Norge AS,Included in other discovery,GAS/CONDENSATE,25/5-4,North sea,SKIRNE,15.09.2003,1991,25/5-3 SKIRNE,PRODUCTION LICENSE,102,44276,2138816,1691,http://factpages.npd.no/FactPages/default.aspx?nav1=discovery&nav2=PageView|All&nav3=44276,http://gis.npd.no/factmaps/html_21/?run=FieldByNPDID&NPDID=2138816
25/7-3 JOTUN,ExxonMobil Exploration and Production Norway AS,Included in other discovery,OIL,25/7-3,North sea,JOTUN,10.06.1997,1995,25/8-5 S JOTUN,BUSINESS ARRANGEMENT AREA,JOTUN UNIT,44300,43604,2623,http://factpages.npd.no/FactPages/default.aspx?nav1=discovery&nav2=PageView|All&nav3=44300,http://gis.npd.no/factmaps/html_21/?run=FieldByNPDID&NPDID=43604
25/7-5,Aker BP ASA,Included in other discovery,OIL,25/7-5,North sea,ALVHEIM,01.01.2014,1997,24/6-2 ALVHEIM,PRODUCTION LICENSE,203,44306,2845712,3132,http://factpages.npd.no/FactPages/default.aspx?nav1=discovery&nav2=PageView|All&nav3=44306,http://gis.npd.no/factmaps/html_21/?run=FieldByNPDID&NPDID=2845712
25/8-1 FORSETI,ExxonMobil Exploration and Production Norway AS,Included in other discovery,OIL,25/8-1,North sea,BALDER,23.08.2001,1970,25/11-1 BALDER,PRODUCTION LICENSE,001,44312,43562,173,http://factpages.npd.no/FactPages/default.aspx?nav1=discovery&nav2=PageView|All&nav3=44312,http://gis.npd.no/factmaps/html_21/?run=FieldByNPDID&NPDID=43562
25/8-10 S RINGHORNE,ExxonMobil Exploration and Production Norway AS,Included in other discovery,OIL,25/8-10 S,North sea,BALDER,23.08.2001,1997,25/11-1 BALDER,PRODUCTION LICENSE,001,52316,43562,3062,http://factpages.npd.no/FactPages/default.aspx?nav1=discovery&nav2=PageView|All&nav3=52316,http://gis.npd.no/factmaps/html_21/?run=FieldByNPDID&NPDID=43562
25/8-11 RINGHORNE,ExxonMobil Exploration and Production Norway AS,Included in other discovery,OIL,25/8-11,North sea,BALDER,23.08.2001,1997,25/11-1 BALDER,PRODUCTION LICENSE,001,44318,43562,3209,http://factpages.npd.no/FactPages/default.aspx?nav1=discovery&nav2=PageView|All&nav3=44318,http://gis.npd.no/factmaps/html_21/?run=FieldByNPDID&NPDID=43562
25/8-8 S JOTUN,ExxonMobil Exploration and Production Norway AS,Included in other discovery,OIL,25/8-8 S,North sea,JOTUN,10.06.1997,1995,25/8-5 S JOTUN,BUSINESS ARRANGEMENT AREA,JOTUN UNIT,44336,43604,2646,http://factpages.npd.no/FactPages/default.aspx?nav1=discovery&nav2=PageView|All&nav3=44336,http://gis.npd.no/factmaps/html_21/?run=FieldByNPDID&NPDID=43604
25/8-C-20,ExxonMobil Exploration and Production Norway AS,Included in other discovery,OIL,25/8-C-20,North sea,BALDER,20.11.2003,2003,25/11-1 BALDER,PRODUCTION LICENSE,001,2455295,43562,4727,http://factpages.npd.no/FactPages/default.aspx?nav1=discovery&nav2=PageView|All&nav3=2455295,http://gis.npd.no/factmaps/html_21/?run=FieldByNPDID&NPDID=43562
29/6-1,Total E&P Norge AS,Included in other discovery,GAS/CONDENSATE,29/6-1,North sea,MARTIN LINGE,11.06.2012,1982,30/7-6 MARTIN LINGE,BUSINESS ARRANGEMENT AREA,MARTIN LINGE UNIT,2770139,21675447,375,http://factpages.npd.no/FactPages/default.aspx?nav1=discovery&nav2=PageView|All&nav3=2770139,http://gis.npd.no/factmaps/html_21/?run=FieldByNPDID&NPDID=21675447
30/11-10 (Krafla Nord),Statoil Petroleum AS,Included in other discovery,OIL,30/11-10,North sea,,,2014,30/11-8 S (Krafla),PRODUCTION LICENSE,035,25612576,,7595,http://factpages.npd.no/FactPages/default.aspx?nav1=discovery&nav2=PageView|All&nav3=25612576,http://gis.npd.no/factmaps/html_21/?run=DiscoveryByNPDID&NPDID=25612576
30/11-11 S (Madam Felle),Statoil Petroleum AS,Included in other discovery,OIL,30/11-11 S,North sea,,,2016,30/11-8 S (Krafla),PRODUCTION LICENSE,035,28160390,,7896,http://factpages.npd.no/FactPages/default.aspx?nav1=discovery&nav2=PageView|All&nav3=28160390,http://gis.npd.no/factmaps/html_21/?run=DiscoveryByNPDID&NPDID=28160390
30/11-12 S (Askja Sørøst),Statoil Petroleum AS,Included in other discovery,OIL,30/11-12 S,North sea,,,2016,30/11-8 S (Krafla),PRODUCTION LICENSE,035,28184810,,7921,http://factpages.npd.no/FactPages/default.aspx?nav1=discovery&nav2=PageView|All&nav3=28184810,http://gis.npd.no/factmaps/html_21/?run=DiscoveryByNPDID&NPDID=28184810
30/11-13 (Beerenberg),Statoil Petroleum AS,Included in other discovery,OIL,30/11-13,North sea,,,2016,30/11-8 S (Krafla),PRODUCTION LICENSE,272,28185156,,7948,http://factpages.npd.no/FactPages/default.aspx?nav1=discovery&nav2=PageView|All&nav3=28185156,http://gis.npd.no/factmaps/html_21/?run=DiscoveryByNPDID&NPDID=28185156
30/11-14 (Slemmestad),Statoil Petroleum AS,Included in other discovery,GAS,30/11-14,North sea,,,2016,30/11-8 S (Krafla),PRODUCTION LICENSE,272,28222393,,7982,http://factpages.npd.no/FactPages/default.aspx?nav1=discovery&nav2=PageView|All&nav3=28222393,http://gis.npd.no/factmaps/html_21/?run=DiscoveryByNPDID&NPDID=28222393
30/11-14 B (Haraldsplass),Statoil Petroleum AS,Included in other discovery,OIL/GAS,30/11-14 B,North sea,,,2016,30/11-8 S (Krafla),PRODUCTION LICENSE,272,28222402,,7984,http://factpages.npd.no/FactPages/default.aspx?nav1=discovery&nav2=PageView|All&nav3=28222402,http://gis.npd.no/factmaps/html_21/?run=DiscoveryByNPDID&NPDID=28222402
30/11-5 (Steinbit),Statoil Petroleum AS,Included in other discovery,OIL,30/11-5,North sea,,,1997,30/11-8 S (Krafla),PRODUCTION LICENSE,035,23296145,,2986,http://factpages.npd.no/FactPages/default.aspx?nav1=discovery&nav2=PageView|All&nav3=23296145,http://gis.npd.no/factmaps/html_21/?run=DiscoveryByNPDID&NPDID=23296145
30/11-8 A,Statoil Petroleum AS,Included in other discovery,OIL/GAS,30/11-8 A,North sea,,,2011,30/11-8 S (Krafla),PRODUCTION LICENSE,035,20484993,,6611,http://factpages.npd.no/FactPages/default.aspx?nav1=discovery&nav2=PageView|All&nav3=20484993,http://gis.npd.no/factmaps/html_21/?run=DiscoveryByNPDID&NPDID=20484993
30/11-9 A (Askja Øst),Statoil Petroleum AS,Included in other discovery,OIL,30/11-9 A,North sea,,,2014,30/11-9 S (Askja),PRODUCTION LICENSE,272,24216071,,7281,http://factpages.npd.no/FactPages/default.aspx?nav1=discovery&nav2=PageView|All&nav3=24216071,http://gis.npd.no/factmaps/html_21/?run=DiscoveryByNPDID&NPDID=24216071
30/11-9 S (Askja),Statoil Petroleum AS,Included in other discovery,GAS,30/11-9 S,North sea,,,2013,30/11-8 S (Krafla),PRODUCTION LICENSE,272,23892654,,7280,http://factpages.npd.no/FactPages/default.aspx?nav1=discovery&nav2=PageView|All&nav3=23892654,http://gis.npd.no/factmaps/html_21/?run=DiscoveryByNPDID&NPDID=23892654
30/3-6 S,Statoil Petroleum AS,Included in other discovery,OIL,30/3-6 S,North sea,VESLEFRIKK,16.01.1995,1994,30/3-2  VESLEFRIKK,PRODUCTION LICENSE,052,44384,43618,2269,http://factpages.npd.no/FactPages/default.aspx?nav1=discovery&nav2=PageView|All&nav3=44384,http://gis.npd.no/factmaps/html_21/?run=FieldByNPDID&NPDID=43618
30/3-7 A,Statoil Petroleum AS,Included in other discovery,GAS,30/3-7 A,North sea,VESLEFRIKK,16.11.1999,1998,30/3-2  VESLEFRIKK,PRODUCTION LICENSE,052,46312,43618,3176,http://factpages.npd.no/FactPages/default.aspx?nav1=discovery&nav2=PageView|All&nav3=46312,http://gis.npd.no/factmaps/html_21/?run=FieldByNPDID&NPDID=43618
30/3-7 B,Statoil Petroleum AS,Included in other discovery,OIL,30/3-7 B,North sea,VESLEFRIKK,27.04.1999,1998,30/3-2  VESLEFRIKK,PRODUCTION LICENSE,052,46322,43618,3229,http://factpages.npd.no/FactPages/default.aspx?nav1=discovery&nav2=PageView|All&nav3=46322,http://gis.npd.no/factmaps/html_21/?run=FieldByNPDID&NPDID=43618
30/3-7 S,Statoil Petroleum AS,Included in other discovery,GAS,30/3-7 S,North sea,VESLEFRIKK,16.11.1999,1995,30/3-2  VESLEFRIKK,PRODUCTION LICENSE,052,44390,43618,2632,http://factpages.npd.no/FactPages/default.aspx?nav1=discovery&nav2=PageView|All&nav3=44390,http://gis.npd.no/factmaps/html_21/?run=FieldByNPDID&NPDID=43618
30/4-3 S,Total E&P Norge AS,Included in other discovery,OIL/GAS,30/4-3 S,North sea,MARTIN LINGE,08.12.2016,2016,30/7-6 MARTIN LINGE,BUSINESS ARRANGEMENT AREA,MARTIN LINGE UNIT,28546131,21675447,7961,http://factpages.npd.no/FactPages/default.aspx?nav1=discovery&nav2=PageView|All&nav3=28546131,http://gis.npd.no/factmaps/html_21/?run=FieldByNPDID&NPDID=21675447
30/6-14,Statoil Petroleum AS,Included in other discovery,OIL,30/6-14,North sea,OSEBERG ØST,21.11.2003,1984,30/6-5 OSEBERG ØST,BUSINESS ARRANGEMENT AREA,OSEBERG AREA UNIT,44402,43639,53,http://factpages.npd.no/FactPages/default.aspx?nav1=discovery&nav2=PageView|All&nav3=44402,http://gis.npd.no/factmaps/html_21/?run=FieldByNPDID&NPDID=43639
30/6-15 OSEBERG VEST,Statoil Petroleum AS,Included in other discovery,OIL/GAS,30/6-15,North sea,OSEBERG,21.05.2004,1984,30/6-1 OSEBERG,BUSINESS ARRANGEMENT AREA,OSEBERG AREA UNIT,44408,43625,110,http://factpages.npd.no/FactPages/default.aspx?nav1=discovery&nav2=PageView|All&nav3=44408,http://gis.npd.no/factmaps/html_21/?run=FieldByNPDID&NPDID=43625
30/6-17,Statoil Petroleum AS,Included in other discovery,OIL/GAS,30/6-17 R,North sea,OSEBERG,22.06.2005,1986,30/6-1 OSEBERG,BUSINESS ARRANGEMENT AREA,OSEBERG AREA UNIT,44420,43625,849,http://factpages.npd.no/FactPages/default.aspx?nav1=discovery&nav2=PageView|All&nav3=44420,http://gis.npd.no/factmaps/html_21/?run=FieldByNPDID&NPDID=43625
30/6-18 KAPPA,Statoil Petroleum AS,Included in other discovery,OIL/GAS,30/6-18,North sea,OSEBERG,21.05.2004,1985,30/6-1 OSEBERG,BUSINESS ARRANGEMENT AREA,OSEBERG AREA UNIT,44426,43625,488,http://factpages.npd.no/FactPages/default.aspx?nav1=discovery&nav2=PageView|All&nav3=44426,http://gis.npd.no/factmaps/html_21/?run=FieldByNPDID&NPDID=43625
30/6-19 BETA SADEL,Statoil Petroleum AS,Included in other discovery,OIL,30/6-19,North sea,OSEBERG ØST,07.05.1997,1986,30/6-5 OSEBERG ØST,BUSINESS ARRANGEMENT AREA,OSEBERG AREA UNIT,44432,43639,489,http://factpages.npd.no/FactPages/default.aspx?nav1=discovery&nav2=PageView|All&nav3=44432,http://gis.npd.no/factmaps/html_21/?run=FieldByNPDID&NPDID=43639
30/6-26 GAMMA VEST,Statoil Petroleum AS,Included in other discovery,OIL/GAS,30/6-26,North sea,OSEBERG,21.05.2004,2001,30/6-18 KAPPA,BUSINESS ARRANGEMENT AREA,OSEBERG AREA UNIT,1632058,43625,4416,http://factpages.npd.no/FactPages/default.aspx?nav1=discovery&nav2=PageView|All&nav3=1632058,http://gis.npd.no/factmaps/html_21/?run=FieldByNPDID&NPDID=43625
30/6-27,Statoil Petroleum AS,Included in other discovery,OIL/GAS,30/6-27,North sea,OSEBERG,21.05.2004,2001,30/6-18 KAPPA,BUSINESS ARRANGEMENT AREA,OSEBERG AREA UNIT,1632112,43625,4425,http://factpages.npd.no/FactPages/default.aspx?nav1=discovery&nav2=PageView|All&nav3=1632112,http://gis.npd.no/factmaps/html_21/?run=FieldByNPDID&NPDID=43625
30/6-28 S,Statoil Petroleum AS,Included in other discovery,OIL,30/6-28 S,North sea,OSEBERG,11.12.2013,2012,30/6-1 OSEBERG,BUSINESS ARRANGEMENT AREA,OSEBERG AREA UNIT,21660341,43625,6768,http://factpages.npd.no/FactPages/default.aspx?nav1=discovery&nav2=PageView|All&nav3=21660341,http://gis.npd.no/factmaps/html_21/?run=FieldByNPDID&NPDID=43625
30/6-29 S (Alfa Nord Cook),Statoil Petroleum AS,Included in other discovery,OIL,30/6-29 S,North sea,OSEBERG,15.12.2015,2015,30/6-1 OSEBERG,BUSINESS ARRANGEMENT AREA,OSEBERG AREA UNIT,27115569,43625,7801,http://factpages.npd.no/FactPages/default.aspx?nav1=discovery&nav2=PageView|All&nav3=27115569,http://gis.npd.no/factmaps/html_21/?run=FieldByNPDID&NPDID=43625
30/6-9,Statoil Petroleum AS,Included in other discovery,OIL/GAS,30/6-9,North sea,OSEBERG,05.06.1984,1982,30/6-1 OSEBERG,BUSINESS ARRANGEMENT AREA,OSEBERG AREA UNIT,2770154,43625,83,http://factpages.npd.no/FactPages/default.aspx?nav1=discovery&nav2=PageView|All&nav3=2770154,http://gis.npd.no/factmaps/html_21/?run=FieldByNPDID&NPDID=43625
30/7-2,Total E&P Norge AS,Included in other discovery,OIL,30/7-2,North sea,MARTIN LINGE,11.06.2012,1975,30/7-6 MARTIN LINGE,BUSINESS ARRANGEMENT AREA,MARTIN LINGE UNIT,44444,21675447,385,http://factpages.npd.no/FactPages/default.aspx?nav1=discovery&nav2=PageView|All&nav3=44444,http://gis.npd.no/factmaps/html_21/?run=FieldByNPDID&NPDID=21675447
30/9-10 OSEBERG SØR,Statoil Petroleum AS,Included in other discovery,OIL,30/9-10,North sea,OSEBERG SØR,10.06.1997,1990,30/9-3 OSEBERG SØR,BUSINESS ARRANGEMENT AREA,OSEBERG AREA UNIT,44468,43645,1514,http://factpages.npd.no/FactPages/default.aspx?nav1=discovery&nav2=PageView|All&nav3=44468,http://gis.npd.no/factmaps/html_21/?run=FieldByNPDID&NPDID=43645
30/9-13 S OSEBERG SØR,Statoil Petroleum AS,Included in other discovery,OIL/GAS,30/9-13 S,North sea,OSEBERG SØR,10.06.1997,1991,30/9-3 OSEBERG SØR,BUSINESS ARRANGEMENT AREA,OSEBERG AREA UNIT,44474,43645,1811,http://factpages.npd.no/FactPages/default.aspx?nav1=discovery&nav2=PageView|All&nav3=44474,http://gis.npd.no/factmaps/html_21/?run=FieldByNPDID&NPDID=43645
30/9-15 OSEBERG SØR,Statoil Petroleum AS,Included in other discovery,OIL,30/9-15,North sea,OSEBERG SØR,10.06.1997,1994,30/9-3 OSEBERG SØR,BUSINESS ARRANGEMENT AREA,OSEBERG AREA UNIT,44480,43645,2223,http://factpages.npd.no/FactPages/default.aspx?nav1=discovery&nav2=PageView|All&nav3=44480,http://gis.npd.no/factmaps/html_21/?run=FieldByNPDID&NPDID=43645
30/9-16 K OSEBERG SØR,Statoil Petroleum AS,Included in other discovery,OIL/GAS,30/9-16,North sea,OSEBERG SØR,10.06.1997,1994,30/9-3 OSEBERG SØR,BUSINESS ARRANGEMENT AREA,OSEBERG AREA UNIT,44486,43645,2361,http://factpages.npd.no/FactPages/default.aspx?nav1=discovery&nav2=PageView|All&nav3=44486,http://gis.npd.no/factmaps/html_21/?run=FieldByNPDID&NPDID=43645
30/9-19,Statoil Petroleum AS,Included in other discovery,OIL/GAS,30/9-19,North sea,OSEBERG,23.09.2005,1998,30/6-1 OSEBERG,BUSINESS ARRANGEMENT AREA,OSEBERG AREA UNIT,96300,43625,3561,http://factpages.npd.no/FactPages/default.aspx?nav1=discovery&nav2=PageView|All&nav3=96300,http://gis.npd.no/factmaps/html_21/?run=FieldByNPDID&NPDID=43625
30/9-20 S,Statoil Petroleum AS,Included in other discovery,OIL,30/9-20 S,North sea,OSEBERG SØR,25.11.2002,2002,30/9-3 OSEBERG SØR,BUSINESS ARRANGEMENT AREA,OSEBERG AREA UNIT,2066145,43645,4463,http://factpages.npd.no/FactPages/default.aspx?nav1=discovery&nav2=PageView|All&nav3=2066145,http://gis.npd.no/factmaps/html_21/?run=FieldByNPDID&NPDID=43645
30/9-22 STJERNE,Statoil Petroleum AS,Included in other discovery,OIL/GAS,30/9-22,North sea,OSEBERG SØR,03.12.2009,2009,30/9-3 OSEBERG SØR,BUSINESS ARRANGEMENT AREA,OSEBERG AREA UNIT,5490404,43645,6034,http://factpages.npd.no/FactPages/default.aspx?nav1=discovery&nav2=PageView|All&nav3=5490404,http://gis.npd.no/factmaps/html_21/?run=FieldByNPDID&NPDID=43645
30/9-27 S (Parkes),Statoil Petroleum AS,Included in other discovery,OIL,30/9-27 S,North sea,OSEBERG,15.12.2015,2015,30/6-1 OSEBERG,BUSINESS ARRANGEMENT AREA,OSEBERG AREA UNIT,26464991,43625,7522,http://factpages.npd.no/FactPages/default.aspx?nav1=discovery&nav2=PageView|All&nav3=26464991,http://gis.npd.no/factmaps/html_21/?run=FieldByNPDID&NPDID=43625
30/9-4 S OSEBERG SØR,Statoil Petroleum AS,Included in other discovery,OIL/GAS,30/9-4 S,North sea,OSEBERG SØR,10.06.1997,1985,30/9-3 OSEBERG SØR,BUSINESS ARRANGEMENT AREA,OSEBERG AREA UNIT,44498,43645,452,http://factpages.npd.no/FactPages/default.aspx?nav1=discovery&nav2=PageView|All&nav3=44498,http://gis.npd.no/factmaps/html_21/?run=FieldByNPDID&NPDID=43645
30/9-5 S OSEBERG SØR,Statoil Petroleum AS,Included in other discovery,GAS,30/9-5 S,North sea,OSEBERG SØR,10.06.1997,1985,30/9-3 OSEBERG SØR,BUSINESS ARRANGEMENT AREA,OSEBERG AREA UNIT,44504,43645,478,http://factpages.npd.no/FactPages/default.aspx?nav1=discovery&nav2=PageView|All&nav3=44504,http://gis.npd.no/factmaps/html_21/?run=FieldByNPDID&NPDID=43645
30/9-6 OSEBERG SØR,Statoil Petroleum AS,Included in other discovery,OIL,30/9-6,North sea,OSEBERG SØR,10.06.1997,1987,30/9-3 OSEBERG SØR,BUSINESS ARRANGEMENT AREA,OSEBERG AREA UNIT,44510,43645,1027,http://factpages.npd.no/FactPages/default.aspx?nav1=discovery&nav2=PageView|All&nav3=44510,http://gis.npd.no/factmaps/html_21/?run=FieldByNPDID&NPDID=43645
30/9-7 OSEBERG SØR,Statoil Petroleum AS,Included in other discovery,OIL,30/9-7,North sea,OSEBERG SØR,10.06.1997,1988,30/9-3 OSEBERG SØR,BUSINESS ARRANGEMENT AREA,OSEBERG AREA UNIT,44516,43645,1306,http://factpages.npd.no/FactPages/default.aspx?nav1=discovery&nav2=PageView|All&nav3=44516,http://gis.npd.no/factmaps/html_21/?run=FieldByNPDID&NPDID=43645
30/9-9 OSEBERG SØR,Statoil Petroleum AS,Included in other discovery,OIL,30/9-9,North sea,OSEBERG SØR,10.06.1997,1989,30/9-3 OSEBERG SØR,BUSINESS ARRANGEMENT AREA,OSEBERG AREA UNIT,44522,43645,1442,http://factpages.npd.no/FactPages/default.aspx?nav1=discovery&nav2=PageView|All&nav3=44522,http://gis.npd.no/factmaps/html_21/?run=FieldByNPDID&NPDID=43645
31/4-11,Wintershall Norge AS,Included in other discovery,OIL,31/4-11,North sea,BRAGE,25.11.2002,2000,31/4-3 BRAGE,BUSINESS ARRANGEMENT AREA,BRAGE UNIT,1626899,43651,4147,http://factpages.npd.no/FactPages/default.aspx?nav1=discovery&nav2=PageView|All&nav3=1626899,http://gis.npd.no/factmaps/html_21/?run=FieldByNPDID&NPDID=43651
31/4-A-1-A,Wintershall Norge AS,Included in other discovery,OIL,31/4-A-1 A,North sea,BRAGE,08.12.2008,2008,31/4-3 BRAGE,BUSINESS ARRANGEMENT AREA,BRAGE UNIT,5081894,43651,5843,http://factpages.npd.no/FactPages/default.aspx?nav1=discovery&nav2=PageView|All&nav3=5081894,http://gis.npd.no/factmaps/html_21/?run=FieldByNPDID&NPDID=43651
31/4-A-30 B,Wintershall Norge AS,Included in other discovery,OIL,31/4-A-30 B,North sea,BRAGE,23.04.2004,2004,31/4-3 BRAGE,BUSINESS ARRANGEMENT AREA,BRAGE UNIT,2820014,43651,4890,http://factpages.npd.no/FactPages/default.aspx?nav1=discovery&nav2=PageView|All&nav3=2820014,http://gis.npd.no/factmaps/html_21/?run=FieldByNPDID&NPDID=43651
33/12-8 A SKINFAKS,Statoil Petroleum AS,Included in other discovery,OIL/GAS,33/12-8 A,North sea,GULLFAKS SØR,11.02.2005,2002,34/10-2 GULLFAKS SØR,PRODUCTION LICENSE,050,2074147,43699,4532,http://factpages.npd.no/FactPages/default.aspx?nav1=discovery&nav2=PageView|All&nav3=2074147,http://gis.npd.no/factmaps/html_21/?run=FieldByNPDID&NPDID=43699
33/12-8 S SKINFAKS ,Statoil Petroleum AS,Included in other discovery,OIL/GAS,33/12-8 S,North sea,GULLFAKS SØR,11.02.2005,2002,34/10-2 GULLFAKS SØR,PRODUCTION LICENSE,050,2074087,43699,4493,http://factpages.npd.no/FactPages/default.aspx?nav1=discovery&nav2=PageView|All&nav3=2074087,http://gis.npd.no/factmaps/html_21/?run=FieldByNPDID&NPDID=43699
33/12-9 S (Skinfaks Sør),Statoil Petroleum AS,Included in other discovery,OIL,33/12-9 S,North sea,GULLFAKS SØR,08.12.2016,2012,34/10-2 GULLFAKS SØR,PRODUCTION LICENSE,050,21334454,43699,6729,http://factpages.npd.no/FactPages/default.aspx?nav1=discovery&nav2=PageView|All&nav3=21334454,http://gis.npd.no/factmaps/html_21/?run=FieldByNPDID&NPDID=43699
34/10-17 RIMFAKS,Statoil Petroleum AS,Included in other discovery,OIL/GAS,34/10-17,North sea,GULLFAKS SØR,06.03.2000,1983,34/10-2 GULLFAKS SØR,PRODUCTION LICENSE,050,44600,43699,5,http://factpages.npd.no/FactPages/default.aspx?nav1=discovery&nav2=PageView|All&nav3=44600,http://gis.npd.no/factmaps/html_21/?run=FieldByNPDID&NPDID=43699
34/10-34 GULLFAKS VEST,Statoil Petroleum AS,Included in other discovery,OIL,34/10-34,North sea,GULLFAKS,06.03.2000,1991,34/10-1 GULLFAKS,PRODUCTION LICENSE,050,44624,43686,1747,http://factpages.npd.no/FactPages/default.aspx?nav1=discovery&nav2=PageView|All&nav3=44624,http://gis.npd.no/factmaps/html_21/?run=FieldByNPDID&NPDID=43686
34/10-37 GULLVEIG,Statoil Petroleum AS,Included in other discovery,OIL/GAS,34/10-37,North sea,GULLFAKS SØR,06.03.2000,1995,34/10-2 GULLFAKS SØR,PRODUCTION LICENSE,050,44630,43699,2431,http://factpages.npd.no/FactPages/default.aspx?nav1=discovery&nav2=PageView|All&nav3=44630,http://gis.npd.no/factmaps/html_21/?run=FieldByNPDID&NPDID=43699
34/10-43 S,Statoil Petroleum AS,Included in other discovery,OIL,34/10-43 S,North sea,GULLFAKS SØR,23.11.2001,2001,34/10-2 GULLFAKS SØR,PRODUCTION LICENSE,050,1628630,43699,4247,http://factpages.npd.no/FactPages/default.aspx?nav1=discovery&nav2=PageView|All&nav3=1628630,http://gis.npd.no/factmaps/html_21/?run=FieldByNPDID&NPDID=43699
34/10-44 S RIMFAKS LUNDE,Statoil Petroleum AS,Included in other discovery,OIL/GAS,34/10-44 S,North sea,GULLFAKS SØR,29.11.2001,2001,34/10-2 GULLFAKS SØR,PRODUCTION LICENSE,050,1630418,43699,4422,http://factpages.npd.no/FactPages/default.aspx?nav1=discovery&nav2=PageView|All&nav3=1630418,http://gis.npd.no/factmaps/html_21/?run=FieldByNPDID&NPDID=43699
34/10-45 B,Statoil Petroleum AS,Included in other discovery,GAS/CONDENSATE,34/10-45 B,North sea,GULLFAKS,03.02.2004,2003,34/10-1 GULLFAKS,PRODUCTION LICENSE,050,2482767,43686,4824,http://factpages.npd.no/FactPages/default.aspx?nav1=discovery&nav2=PageView|All&nav3=2482767,http://gis.npd.no/factmaps/html_21/?run=FieldByNPDID&NPDID=43686
34/10-45 S,Statoil Petroleum AS,Included in other discovery,GAS/CONDENSATE,34/10-45 S,North sea,GULLFAKS,27.02.2002,2002,34/10-1 GULLFAKS,PRODUCTION LICENSE,050,1853762,43686,4450,http://factpages.npd.no/FactPages/default.aspx?nav1=discovery&nav2=PageView|All&nav3=1853762,http://gis.npd.no/factmaps/html_21/?run=FieldByNPDID&NPDID=43686
34/10-46 A,Statoil Petroleum AS,Included in other discovery,OIL/GAS,34/10-46 A,North sea,GULLFAKS,25.11.2002,2002,34/10-1 GULLFAKS,PRODUCTION LICENSE,050,2066044,43686,4500,http://factpages.npd.no/FactPages/default.aspx?nav1=discovery&nav2=PageView|All&nav3=2066044,http://gis.npd.no/factmaps/html_21/?run=FieldByNPDID&NPDID=43686
34/10-46 S,Statoil Petroleum AS,Included in other discovery,GAS,34/10-46 S,North sea,GULLFAKS,01.01.2003,2002,34/10-46 A,PRODUCTION LICENSE,050,23296579,43686,4489,http://factpages.npd.no/FactPages/default.aspx?nav1=discovery&nav2=PageView|All&nav3=23296579,http://gis.npd.no/factmaps/html_21/?run=FieldByNPDID&NPDID=43686
34/10-47 S GULLTOPP,Statoil Petroleum AS,Included in other discovery,OIL,34/10-47 S,North sea,GULLFAKS SØR,07.11.2004,2002,34/10-2 GULLFAKS SØR,PRODUCTION LICENSE,050,2144184,43699,4609,http://factpages.npd.no/FactPages/default.aspx?nav1=discovery&nav2=PageView|All&nav3=2144184,http://gis.npd.no/factmaps/html_21/?run=FieldByNPDID&NPDID=43699
34/10-49 S ALUN,Statoil Petroleum AS,Included in other discovery,OIL,34/10-49 S,North sea,GULLFAKS SØR,30.11.2006,2006,34/10-2 GULLFAKS SØR,PRODUCTION LICENSE,050,4038603,43699,5140,http://factpages.npd.no/FactPages/default.aspx?nav1=discovery&nav2=PageView|All&nav3=4038603,http://gis.npd.no/factmaps/html_21/?run=FieldByNPDID&NPDID=43699
34/10-49 S EPIDOT,Statoil Petroleum AS,Included in other discovery,OIL,34/10-49 S,North sea,GULLFAKS SØR,30.11.2006,2006,34/10-2 GULLFAKS SØR,PRODUCTION LICENSE,050,4038668,43699,5140,http://factpages.npd.no/FactPages/default.aspx?nav1=discovery&nav2=PageView|All&nav3=4038668,http://gis.npd.no/factmaps/html_21/?run=FieldByNPDID&NPDID=43699
34/10-52 A,Statoil Petroleum AS,Included in other discovery,GAS,34/10-52 A,North sea,GULLFAKS SØR,11.12.2014,2011,34/10-2 GULLFAKS SØR,PRODUCTION LICENSE,050,21060702,43699,6657,http://factpages.npd.no/FactPages/default.aspx?nav1=discovery&nav2=PageView|All&nav3=21060702,http://gis.npd.no/factmaps/html_21/?run=FieldByNPDID&NPDID=43699
34/10-52 B,Statoil Petroleum AS,Included in other discovery,OIL/GAS,34/10-52 B,North sea,GULLFAKS SØR,11.12.2014,2011,34/10-2 GULLFAKS SØR,PRODUCTION LICENSE,050,21060720,43699,6658,http://factpages.npd.no/FactPages/default.aspx?nav1=discovery&nav2=PageView|All&nav3=21060720,http://gis.npd.no/factmaps/html_21/?run=FieldByNPDID&NPDID=43699
34/10-53 A,Statoil Petroleum AS,Included in other discovery,GAS/CONDENSATE,34/10-53 A,North sea,GULLFAKS SØR,12.12.2013,2011,34/10-2 GULLFAKS SØR,PRODUCTION LICENSE,050,20474194,43699,6495,http://factpages.npd.no/FactPages/default.aspx?nav1=discovery&nav2=PageView|All&nav3=20474194,http://gis.npd.no/factmaps/html_21/?run=FieldByNPDID&NPDID=43699
34/10-53 S,Statoil Petroleum AS,Included in other discovery,GAS/CONDENSATE,34/10-53 S,North sea,GULLFAKS SØR,12.12.2013,2011,34/10-2 GULLFAKS SØR,PRODUCTION LICENSE,050,20415280,43699,6212,http://factpages.npd.no/FactPages/default.aspx?nav1=discovery&nav2=PageView|All&nav3=20415280,http://gis.npd.no/factmaps/html_21/?run=FieldByNPDID&NPDID=43699
34/10-54 A,Statoil Petroleum AS,Included in other discovery,GAS,34/10-54 A,North sea,VALEMON,15.12.2015,2014,34/10-23 VALEMON,BUSINESS ARRANGEMENT AREA,VALEMON UNIT,24617709,20460969,7254,http://factpages.npd.no/FactPages/default.aspx?nav1=discovery&nav2=PageView|All&nav3=24617709,http://gis.npd.no/factmaps/html_21/?run=FieldByNPDID&NPDID=20460969
34/10-54 S,Statoil Petroleum AS,Included in other discovery,GAS/CONDENSATE,34/10-54 S,North sea,VALEMON,15.12.2015,2014,34/10-23 VALEMON,BUSINESS ARRANGEMENT AREA,VALEMON UNIT,24617878,20460969,7253,http://factpages.npd.no/FactPages/default.aspx?nav1=discovery&nav2=PageView|All&nav3=24617878,http://gis.npd.no/factmaps/html_21/?run=FieldByNPDID&NPDID=20460969
34/10-A-8,Statoil Petroleum AS,Included in other discovery,OIL,34/10-A-8,North sea,GULLFAKS,12.12.2013,2012,34/10-1 GULLFAKS,PRODUCTION LICENSE,050,23375060,43686,1053,http://factpages.npd.no/FactPages/default.aspx?nav1=discovery&nav2=PageView|All&nav3=23375060,http://gis.npd.no/factmaps/html_21/?run=FieldByNPDID&NPDID=43686
34/10-C-18 A,Statoil Petroleum AS,Included in other discovery,OIL/GAS,34/10-C-18 A,North sea,GIMLE,08.12.2016,2013,34/10-48 S GIMLE,BUSINESS ARRANGEMENT AREA,GIMLE UNIT,24618030,4005142,6795,http://factpages.npd.no/FactPages/default.aspx?nav1=discovery&nav2=PageView|All&nav3=24618030,http://gis.npd.no/factmaps/html_21/?run=FieldByNPDID&NPDID=4005142
34/10-K-2 H GULLVEIG,Statoil Petroleum AS,Included in other discovery,GAS,34/10-K-2 H,North sea,GULLFAKS SØR,30.09.1999,1998,34/10-2 GULLFAKS SØR,PRODUCTION LICENSE,050,2417063,43699,3360,http://factpages.npd.no/FactPages/default.aspx?nav1=discovery&nav2=PageView|All&nav3=2417063,http://gis.npd.no/factmaps/html_21/?run=FieldByNPDID&NPDID=43699
34/3-3 S,A/S Norske Shell,Included in other discovery,OIL,34/3-3 S,North sea,KNARR,10.12.2012,2011,34/3-1 S KNARR,PRODUCTION LICENSE,373 S,21124644,20460988,6588,http://factpages.npd.no/FactPages/default.aspx?nav1=discovery&nav2=PageView|All&nav3=21124644,http://gis.npd.no/factmaps/html_21/?run=FieldByNPDID&NPDID=20460988
34/4-12 A,Statoil Petroleum AS,Included in other discovery,OIL,34/4-12 A,North sea,SNORRE,24.11.2010,2010,34/4-1 SNORRE,BUSINESS ARRANGEMENT AREA,SNORRE UNIT,18082189,43718,6316,http://factpages.npd.no/FactPages/default.aspx?nav1=discovery&nav2=PageView|All&nav3=18082189,http://gis.npd.no/factmaps/html_21/?run=FieldByNPDID&NPDID=43718
34/7-21 BORG,Statoil Petroleum AS,Included in other discovery,OIL,34/7-21,North sea,TORDIS,07.01.2003,1992,34/7-12 TORDIS,PRODUCTION LICENSE,089,44690,43725,2026,http://factpages.npd.no/FactPages/default.aspx?nav1=discovery&nav2=PageView|All&nav3=44690,http://gis.npd.no/factmaps/html_21/?run=FieldByNPDID&NPDID=43725
34/7-22 TORDIS ØST,Statoil Petroleum AS,Included in other discovery,OIL,34/7-22,North sea,TORDIS,07.01.2003,1993,34/7-12 TORDIS,PRODUCTION LICENSE,089,44696,43725,2167,http://factpages.npd.no/FactPages/default.aspx?nav1=discovery&nav2=PageView|All&nav3=44696,http://gis.npd.no/factmaps/html_21/?run=FieldByNPDID&NPDID=43725
34/7-23 S,Statoil Petroleum AS,Included in other discovery,OIL,34/7-23 S,North sea,VIGDIS,23.11.2001,1994,34/7-8 VIGDIS,PRODUCTION LICENSE,089,44702,43732,2296,http://factpages.npd.no/FactPages/default.aspx?nav1=discovery&nav2=PageView|All&nav3=44702,http://gis.npd.no/factmaps/html_21/?run=FieldByNPDID&NPDID=43732
34/7-25 S,Statoil Petroleum AS,Included in other discovery,OIL,34/7-25 S,North sea,TORDIS,15.10.2000,1996,34/7-12 TORDIS,PRODUCTION LICENSE,089,44708,43725,2863,http://factpages.npd.no/FactPages/default.aspx?nav1=discovery&nav2=PageView|All&nav3=44708,http://gis.npd.no/factmaps/html_21/?run=FieldByNPDID&NPDID=43725
34/7-34,Statoil Petroleum AS,Included in other discovery,OIL,34/7-34,North sea,VIGDIS,03.12.2009,2009,34/7-8 VIGDIS,PRODUCTION LICENSE,089,5490421,43732,5973,http://factpages.npd.no/FactPages/default.aspx?nav1=discovery&nav2=PageView|All&nav3=5490421,http://gis.npd.no/factmaps/html_21/?run=FieldByNPDID&NPDID=43732
34/8-12 S,Statoil Petroleum AS,Included in other discovery,OIL,34/8-12 S,North sea,GIMLE,18.05.2006,2001,34/10-48 S GIMLE,BUSINESS ARRANGEMENT AREA,GIMLE UNIT,1853123,4005142,4424,http://factpages.npd.no/FactPages/default.aspx?nav1=discovery&nav2=PageView|All&nav3=1853123,http://gis.npd.no/factmaps/html_21/?run=FieldByNPDID&NPDID=4005142
34/8-13 A,Statoil Petroleum AS,Included in other discovery,OIL,34/8-13 A,North sea,VISUND,13.12.2013,2009,34/8-1 VISUND,BUSINESS ARRANGEMENT AREA,VISUND INSIDE,5490448,43745,6024,http://factpages.npd.no/FactPages/default.aspx?nav1=discovery&nav2=PageView|All&nav3=5490448,http://gis.npd.no/factmaps/html_21/?run=FieldByNPDID&NPDID=43745
34/8-13 S,Statoil Petroleum AS,Included in other discovery,OIL,34/8-13 S,North sea,VISUND,13.12.2013,2009,34/8-13 A,BUSINESS ARRANGEMENT AREA,VISUND INSIDE,5798457,43745,6025,http://factpages.npd.no/FactPages/default.aspx?nav1=discovery&nav2=PageView|All&nav3=5798457,http://gis.npd.no/factmaps/html_21/?run=FieldByNPDID&NPDID=43745
34/8-15 S,Statoil Petroleum AS,Included in other discovery,GAS,34/8-15 S,North sea,VISUND,12.12.2013,2013,34/8-1 VISUND,BUSINESS ARRANGEMENT AREA,VISUND INSIDE,23410379,43745,7072,http://factpages.npd.no/FactPages/default.aspx?nav1=discovery&nav2=PageView|All&nav3=23410379,http://gis.npd.no/factmaps/html_21/?run=FieldByNPDID&NPDID=43745
34/8-17 S,Statoil Petroleum AS,Included in other discovery,GAS,34/8-17 S,North sea,VISUND,11.12.2014,2014,34/8-1 VISUND,BUSINESS ARRANGEMENT AREA,VISUND INSIDE,24612277,43745,7310,http://factpages.npd.no/FactPages/default.aspx?nav1=discovery&nav2=PageView|All&nav3=24612277,http://gis.npd.no/factmaps/html_21/?run=FieldByNPDID&NPDID=43745
34/8-4 S,Statoil Petroleum AS,Included in other discovery,GAS/CONDENSATE,34/8-4 S,North sea,VISUND,06.05.1997,1991,34/8-1 VISUND,BUSINESS ARRANGEMENT AREA,VISUND INSIDE,44726,43745,1683,http://factpages.npd.no/FactPages/default.aspx?nav1=discovery&nav2=PageView|All&nav3=44726,http://gis.npd.no/factmaps/html_21/?run=FieldByNPDID&NPDID=43745
35/11-2 VEGA SØR,Wintershall Norge AS,Included in other discovery,OIL/GAS,35/11-2,North sea,VEGA,30.08.2012,1987,35/8-1 VEGA,BUSINESS ARRANGEMENT AREA,VEGA UNIT,44744,4467595,893,http://factpages.npd.no/FactPages/default.aspx?nav1=discovery&nav2=PageView|All&nav3=44744,http://gis.npd.no/factmaps/html_21/?run=FieldByNPDID&NPDID=4467595
35/11-7,Statoil Petroleum AS,Included in other discovery,OIL/GAS,35/11-7,North sea,FRAM,23.03.2001,1992,35/11-4 FRAM,PRODUCTION LICENSE,090,44756,1578840,1979,http://factpages.npd.no/FactPages/default.aspx?nav1=discovery&nav2=PageView|All&nav3=44756,http://gis.npd.no/factmaps/html_21/?run=FieldByNPDID&NPDID=1578840
35/11-8 S,Statoil Petroleum AS,Included in other discovery,OIL/GAS,35/11-8 S,North sea,FRAM,23.03.2001,1996,35/11-4 FRAM,PRODUCTION LICENSE,090,44762,1578840,2772,http://factpages.npd.no/FactPages/default.aspx?nav1=discovery&nav2=PageView|All&nav3=44762,http://gis.npd.no/factmaps/html_21/?run=FieldByNPDID&NPDID=1578840
35/11-B-23-H,Statoil Petroleum AS,Included in other discovery,OIL,35/11-B-23 H,North sea,FRAM,05.12.2008,2008,35/11-4 FRAM,PRODUCTION LICENSE,090,4972656,1578840,5641,http://factpages.npd.no/FactPages/default.aspx?nav1=discovery&nav2=PageView|All&nav3=4972656,http://gis.npd.no/factmaps/html_21/?run=FieldByNPDID&NPDID=1578840
35/3-7 S,Wellesley Petroleum AS,Included in other discovery,GAS,35/3-7 S,North sea,,,2009,35/3-2 AGAT,PRODUCTION LICENSE,884,17221700,,6154,http://factpages.npd.no/FactPages/default.aspx?nav1=discovery&nav2=PageView|All&nav3=17221700,http://gis.npd.no/factmaps/html_21/?run=DiscoveryByNPDID&NPDID=17221700
35/8-2 VEGA,Wintershall Norge AS,Included in other discovery,GAS/CONDENSATE,35/8-2,North sea,VEGA,14.06.2007,1982,35/8-1 VEGA,BUSINESS ARRANGEMENT AREA,VEGA UNIT,44780,4467595,434,http://factpages.npd.no/FactPages/default.aspx?nav1=discovery&nav2=PageView|All&nav3=44780,http://gis.npd.no/factmaps/html_21/?run=FieldByNPDID&NPDID=4467595
35/9-2,ENGIE E&P Norge AS,Included in other discovery,OIL/GAS,35/9-2,North sea,GJØA,14.06.2007,1991,35/9-1 GJØA,PRODUCTION LICENSE,153,2449421,4467574,1600,http://factpages.npd.no/FactPages/default.aspx?nav1=discovery&nav2=PageView|All&nav3=2449421,http://gis.npd.no/factmaps/html_21/?run=FieldByNPDID&NPDID=4467574
36/7-1,ENGIE E&P Norge AS,Included in other discovery,OIL/GAS,36/7-1,North sea,GJØA,14.06.2007,1996,35/9-1 GJØA,PRODUCTION LICENSE,153,44792,4467574,1794,http://factpages.npd.no/FactPages/default.aspx?nav1=discovery&nav2=PageView|All&nav3=44792,http://gis.npd.no/factmaps/html_21/?run=FieldByNPDID&NPDID=4467574
6406/12-3 A (Bue),VNG Norge AS,Included in other discovery,OIL,6406/12-3 A,Norwegian sea,,,2014,6406/12-3 S (Pil),PRODUCTION LICENSE,586,24689696,,7432,http://factpages.npd.no/FactPages/default.aspx?nav1=discovery&nav2=PageView|All&nav3=24689696,http://gis.npd.no/factmaps/html_21/?run=DiscoveryByNPDID&NPDID=24689696
6407/1-3 TYRIHANS NORD,Statoil Petroleum AS,Included in other discovery,GAS/CONDENSATE,6407/1-3,Norwegian sea,TYRIHANS,16.02.2006,1984,6407/1-2 TYRIHANS SØR,BUSINESS ARRANGEMENT AREA,TYRIHANS UNIT,44858,3960848,29,http://factpages.npd.no/FactPages/default.aspx?nav1=discovery&nav2=PageView|All&nav3=44858,http://gis.npd.no/factmaps/html_21/?run=FieldByNPDID&NPDID=3960848
6407/6-7 S MIKKEL SØR,Statoil Petroleum AS,Included in other discovery,GAS,6407/6-7 S,Norwegian sea,,,2009,6407/6-6 MIKKEL SØR,PRODUCTION LICENSE,312,5506872,,6100,http://factpages.npd.no/FactPages/default.aspx?nav1=discovery&nav2=PageView|All&nav3=5506872,http://gis.npd.no/factmaps/html_21/?run=DiscoveryByNPDID&NPDID=5506872
6407/7-6,Statoil Petroleum AS,Included in other discovery,GAS/CONDENSATE,6407/7-6,Norwegian sea,NJORD,25.11.2004,2000,6407/7-1 S NJORD,BUSINESS ARRANGEMENT AREA,NJORD UNIT,1341958,43751,4172,http://factpages.npd.no/FactPages/default.aspx?nav1=discovery&nav2=PageView|All&nav3=1341958,http://gis.npd.no/factmaps/html_21/?run=FieldByNPDID&NPDID=43751
6407/7-7 S,Statoil Petroleum AS,Included in other discovery,GAS/CONDENSATE,6407/7-7 S,Norwegian sea,NJORD,11.12.2007,2007,6407/7-1 S NJORD,BUSINESS ARRANGEMENT AREA,NJORD UNIT,4527314,43751,5550,http://factpages.npd.no/FactPages/default.aspx?nav1=discovery&nav2=PageView|All&nav3=4527314,http://gis.npd.no/factmaps/html_21/?run=FieldByNPDID&NPDID=43751
6407/8-4 A,Statoil Petroleum AS,Included in other discovery,GAS,6407/8-4 A,Norwegian sea,,,2008,6407/8-4 S,PRODUCTION LICENSE,834,5010050,,5814,http://factpages.npd.no/FactPages/default.aspx?nav1=discovery&nav2=PageView|All&nav3=5010050,http://gis.npd.no/factmaps/html_21/?run=DiscoveryByNPDID&NPDID=5010050
6407/8-5 A,Statoil Petroleum AS,Included in other discovery,OIL,6407/8-5 A,Norwegian sea,HYME,24.06.2011,2009,6407/8-5 S HYME,PRODUCTION LICENSE,348,28578601,20474183,6153,http://factpages.npd.no/FactPages/default.aspx?nav1=discovery&nav2=PageView|All&nav3=28578601,http://gis.npd.no/factmaps/html_21/?run=FieldByNPDID&NPDID=20474183
6506/12-1 SMØRBUKK,Statoil Petroleum AS,Included in other discovery,GAS/CONDENSATE,6506/12-1,Norwegian sea,ÅSGARD,14.06.1996,1985,6507/11-1 MIDGARD,BUSINESS ARRANGEMENT AREA,ÅSGARD UNIT,44900,43765,1004,http://factpages.npd.no/FactPages/default.aspx?nav1=discovery&nav2=PageView|All&nav3=44900,http://gis.npd.no/factmaps/html_21/?run=FieldByNPDID&NPDID=43765
6506/12-12 S,Statoil Petroleum AS,Included in other discovery,GAS/CONDENSATE,6506/12-12 S,Norwegian sea,ÅSGARD,30.11.2011,2009,6507/11-1 MIDGARD,BUSINESS ARRANGEMENT AREA,ÅSGARD UNIT,18104901,43765,6144,http://factpages.npd.no/FactPages/default.aspx?nav1=discovery&nav2=PageView|All&nav3=18104901,http://gis.npd.no/factmaps/html_21/?run=FieldByNPDID&NPDID=43765
6506/12-3 SMØRBUKK SØR,Statoil Petroleum AS,Included in other discovery,OIL,6506/12-3,Norwegian sea,ÅSGARD,14.06.1996,1985,6507/11-1 MIDGARD,BUSINESS ARRANGEMENT AREA,ÅSGARD UNIT,45846,43765,468,http://factpages.npd.no/FactPages/default.aspx?nav1=discovery&nav2=PageView|All&nav3=45846,http://gis.npd.no/factmaps/html_21/?run=FieldByNPDID&NPDID=43765
6506/9-3 (Smørbukk Nord),Statoil Petroleum AS,Included in other discovery,GAS/CONDENSATE,6506/9-3,Norwegian sea,ÅSGARD,25.06.2014,2013,6507/11-1 MIDGARD,BUSINESS ARRANGEMENT AREA,ÅSGARD UNIT,23465876,43765,7207,http://factpages.npd.no/FactPages/default.aspx?nav1=discovery&nav2=PageView|All&nav3=23465876,http://gis.npd.no/factmaps/html_21/?run=FieldByNPDID&NPDID=43765
6507/3-3 IDUN,Aker BP ASA,Included in other discovery,GAS,6507/3-3,Norwegian sea,SKARV,18.12.2007,1999,6507/5-1 SKARV,BUSINESS ARRANGEMENT AREA,SKARV UNIT,105867,4704482,3668,http://factpages.npd.no/FactPages/default.aspx?nav1=discovery&nav2=PageView|All&nav3=105867,http://gis.npd.no/factmaps/html_21/?run=FieldByNPDID&NPDID=4704482
6507/3-5 S,Statoil Petroleum AS,Included in other discovery,OIL/GAS,6507/3-5 S,Norwegian sea,ALVE,05.12.2008,2008,6507/3-1 ALVE,PRODUCTION LICENSE,159 B,4972713,4444332,5307,http://factpages.npd.no/FactPages/default.aspx?nav1=discovery&nav2=PageView|All&nav3=4972713,http://gis.npd.no/factmaps/html_21/?run=FieldByNPDID&NPDID=4444332
6507/3-9 S,Aker BP ASA,Included in other discovery,GAS,6507/3-9 S,Norwegian sea,SKARV,12.12.2013,2012,6507/5-1 SKARV,BUSINESS ARRANGEMENT AREA,SKARV UNIT,21695900,4704482,6951,http://factpages.npd.no/FactPages/default.aspx?nav1=discovery&nav2=PageView|All&nav3=21695900,http://gis.npd.no/factmaps/html_21/?run=FieldByNPDID&NPDID=4704482
6507/5-3 SNADD,Aker BP ASA,Included in other discovery,GAS,6507/5-3,Norwegian sea,SKARV,18.12.2007,2000,6507/5-1 SKARV,BUSINESS ARRANGEMENT AREA,SKARV UNIT,1036252,4704482,4059,http://factpages.npd.no/FactPages/default.aspx?nav1=discovery&nav2=PageView|All&nav3=1036252,http://gis.npd.no/factmaps/html_21/?run=FieldByNPDID&NPDID=4704482
6507/5-6 S,Aker BP ASA,Included in other discovery,GAS,6507/5-6 S,Norwegian sea,SKARV,24.11.2010,2010,6507/5-1 SKARV,BUSINESS ARRANGEMENT AREA,SKARV UNIT,18161414,4704482,6321,http://factpages.npd.no/FactPages/default.aspx?nav1=discovery&nav2=PageView|All&nav3=18161414,http://gis.npd.no/factmaps/html_21/?run=FieldByNPDID&NPDID=4704482
6507/7-15 S DVALIN,DEA Norge AS,Included in other discovery,GAS,6507/7-15 S,Norwegian sea,,,2012,6507/7-14 S DVALIN,PRODUCTION LICENSE,435,21667407,,6730,http://factpages.npd.no/FactPages/default.aspx?nav1=discovery&nav2=PageView|All&nav3=21667407,http://gis.npd.no/factmaps/html_21/?run=DiscoveryByNPDID&NPDID=21667407
6507/8-4 HEIDRUN NORD,Statoil Petroleum AS,Included in other discovery,OIL/GAS,6507/8-4,Norwegian sea,HEIDRUN,15.11.1999,1990,6507/7-2 HEIDRUN,BUSINESS ARRANGEMENT AREA,HEIDRUN UNIT,44936,43771,1340,http://factpages.npd.no/FactPages/default.aspx?nav1=discovery&nav2=PageView|All&nav3=44936,http://gis.npd.no/factmaps/html_21/?run=FieldByNPDID&NPDID=43771
6608/10-11 S (Trost),Statoil Petroleum AS,Included in other discovery,GAS,6608/10-11 S,Norwegian sea,URD,24.11.2010,2006,6608/10-6 SVALE,PRODUCTION LICENSE,128,4055854,2834734,5386,http://factpages.npd.no/FactPages/default.aspx?nav1=discovery&nav2=PageView|All&nav3=4055854,http://gis.npd.no/factmaps/html_21/?run=FieldByNPDID&NPDID=2834734
6608/10-14 S SKULD,Statoil Petroleum AS,Included in other discovery,OIL/GAS,6608/10-14 S,Norwegian sea,SKULD,20.01.2012,2010,6608/10-12 SKULD,PRODUCTION LICENSE,128,18086080,21350124,6306,http://factpages.npd.no/FactPages/default.aspx?nav1=discovery&nav2=PageView|All&nav3=18086080,http://gis.npd.no/factmaps/html_21/?run=FieldByNPDID&NPDID=21350124
6608/10-15 (Svale Nord),Statoil Petroleum AS,Included in other discovery,OIL,6608/10-15,Norwegian sea,URD,08.12.2016,2013,6608/10-6 SVALE,PRODUCTION LICENSE,128,23761901,2834734,7245,http://factpages.npd.no/FactPages/default.aspx?nav1=discovery&nav2=PageView|All&nav3=23761901,http://gis.npd.no/factmaps/html_21/?run=FieldByNPDID&NPDID=2834734
6608/10-4,Statoil Petroleum AS,Included in other discovery,OIL,6608/10-4,Norwegian sea,NORNE,17.01.1997,1994,6608/10-2 NORNE,BUSINESS ARRANGEMENT AREA,NORNE INSIDE,44948,43778,2256,http://factpages.npd.no/FactPages/default.aspx?nav1=discovery&nav2=PageView|All&nav3=44948,http://gis.npd.no/factmaps/html_21/?run=FieldByNPDID&NPDID=43778
6608/10-8 STÆR,Statoil Petroleum AS,Included in other discovery,OIL,6608/10-8,Norwegian sea,URD,02.07.2004,2002,6608/10-6 SVALE,PRODUCTION LICENSE,128,2074060,2834734,4439,http://factpages.npd.no/FactPages/default.aspx?nav1=discovery&nav2=PageView|All&nav3=2074060,http://gis.npd.no/factmaps/html_21/?run=FieldByNPDID&NPDID=2834734
6608/10-9 LERKE,Statoil Petroleum AS,Included in other discovery,OIL,6608/10-9,Norwegian sea,URD,29.11.2005,2003,6608/10-6 SVALE,PRODUCTION LICENSE,128,2391586,2834734,4668,http://factpages.npd.no/FactPages/default.aspx?nav1=discovery&nav2=PageView|All&nav3=2391586,http://gis.npd.no/factmaps/html_21/?run=FieldByNPDID&NPDID=2834734
6608/11-4 LINERLE,,Included in other discovery,OIL,6608/11-4,Norwegian sea,,,2004,6608/11-2 (Falk),,,2820030,,4939,http://factpages.npd.no/FactPages/default.aspx?nav1=discovery&nav2=PageView|All&nav3=2820030,http://gis.npd.no/factmaps/html_21/?run=DiscoveryByNPDID&NPDID=2820030
6706/12-1,Statoil Petroleum AS,Included in other discovery,GAS,6706/12-1,Norwegian sea,AASTA HANSTEEN,07.06.2013,2008,6707/10-1 AASTA HANSTEEN,PRODUCTION LICENSE,218,5010082,23395946,5867,http://factpages.npd.no/FactPages/default.aspx?nav1=discovery&nav2=PageView|All&nav3=5010082,http://gis.npd.no/factmaps/html_21/?run=FieldByNPDID&NPDID=23395946
6707/10-2 S,Statoil Petroleum AS,Included in other discovery,GAS,6707/10-2 S,Norwegian sea,AASTA HANSTEEN,07.06.2013,2008,6707/10-1 AASTA HANSTEEN,PRODUCTION LICENSE,218,5081127,23395946,5918,http://factpages.npd.no/FactPages/default.aspx?nav1=discovery&nav2=PageView|All&nav3=5081127,http://gis.npd.no/factmaps/html_21/?run=FieldByNPDID&NPDID=23395946
7/11-7,ConocoPhillips Skandinavia AS,Included in other discovery,OIL,7/11-7,North sea,COD,08.10.1984,1983,7/11-1 COD,PRODUCTION LICENSE,018,23296230,43785,57,http://factpages.npd.no/FactPages/default.aspx?nav1=discovery&nav2=PageView|All&nav3=23296230,http://gis.npd.no/factmaps/html_21/?run=FieldByNPDID&NPDID=43785
7120/12-3 (Alke Nord),Eni Norge AS,Included in other discovery,GAS,7120/12-3,Barents sea,,,1983,7120/12-2 (Alke Sør),PRODUCTION LICENSE,489,45008,,8,http://factpages.npd.no/FactPages/default.aspx?nav1=discovery&nav2=PageView|All&nav3=45008,http://gis.npd.no/factmaps/html_21/?run=DiscoveryByNPDID&NPDID=45008
7120/7-1 ASKELADD VEST,Statoil Petroleum AS,Included in other discovery,GAS,7120/7-1,Barents sea,SNØHVIT,07.03.2002,1982,7121/4-1 SNØHVIT,BUSINESS ARRANGEMENT AREA,SNØHVIT UNIT,45014,2053062,85,http://factpages.npd.no/FactPages/default.aspx?nav1=discovery&nav2=PageView|All&nav3=45014,http://gis.npd.no/factmaps/html_21/?run=FieldByNPDID&NPDID=2053062
7120/7-2 ASKELADD SENTRAL,Statoil Petroleum AS,Included in other discovery,GAS,7120/7-2,Barents sea,SNØHVIT,07.03.2002,1983,7121/4-1 SNØHVIT,BUSINESS ARRANGEMENT AREA,SNØHVIT UNIT,45020,2053062,18,http://factpages.npd.no/FactPages/default.aspx?nav1=discovery&nav2=PageView|All&nav3=45020,http://gis.npd.no/factmaps/html_21/?run=FieldByNPDID&NPDID=2053062
7120/8-1 ASKELADD,Statoil Petroleum AS,Included in other discovery,GAS,7120/8-1,Barents sea,SNØHVIT,07.03.2002,1981,7121/4-1 SNØHVIT,BUSINESS ARRANGEMENT AREA,SNØHVIT UNIT,45026,2053062,120,http://factpages.npd.no/FactPages/default.aspx?nav1=discovery&nav2=PageView|All&nav3=45026,http://gis.npd.no/factmaps/html_21/?run=FieldByNPDID&NPDID=2053062
7120/9-1 ALBATROSS,Statoil Petroleum AS,Included in other discovery,GAS,7120/9-1,Barents sea,SNØHVIT,07.03.2002,1982,7121/4-1 SNØHVIT,BUSINESS ARRANGEMENT AREA,SNØHVIT UNIT,45032,2053062,82,http://factpages.npd.no/FactPages/default.aspx?nav1=discovery&nav2=PageView|All&nav3=45032,http://gis.npd.no/factmaps/html_21/?run=FieldByNPDID&NPDID=2053062
7121/4-2 SNØHVIT NORD,Statoil Petroleum AS,Included in other discovery,GAS,7121/4-2,Barents sea,SNØHVIT,01.12.2006,1985,7121/4-1 SNØHVIT,BUSINESS ARRANGEMENT AREA,SNØHVIT UNIT,45044,2053062,461,http://factpages.npd.no/FactPages/default.aspx?nav1=discovery&nav2=PageView|All&nav3=45044,http://gis.npd.no/factmaps/html_21/?run=FieldByNPDID&NPDID=2053062
7121/7-2 ALBATROSS SØR,Statoil Petroleum AS,Included in other discovery,GAS,7121/7-2,Barents sea,SNØHVIT,07.03.2002,1986,7121/4-1 SNØHVIT,BUSINESS ARRANGEMENT AREA,SNØHVIT UNIT,45062,2053062,881,http://factpages.npd.no/FactPages/default.aspx?nav1=discovery&nav2=PageView|All&nav3=45062,http://gis.npd.no/factmaps/html_21/?run=FieldByNPDID&NPDID=2053062
7122/7-3,Eni Norge AS,Included in other discovery,OIL,7122/7-3,Barents sea,GOLIAT,18.06.2009,2006,7122/7-1 GOLIAT,PRODUCTION LICENSE,229,4001397,5774394,5214,http://factpages.npd.no/FactPages/default.aspx?nav1=discovery&nav2=PageView|All&nav3=4001397,http://gis.npd.no/factmaps/html_21/?run=FieldByNPDID&NPDID=5774394
7122/7-4 S KLAPPMYS,Eni Norge AS,Included in other discovery,OIL,7122/7-4 S,Barents sea,GOLIAT,18.06.2009,2006,7122/7-1 GOLIAT,PRODUCTION LICENSE,229,4213452,5774394,5406,http://factpages.npd.no/FactPages/default.aspx?nav1=discovery&nav2=PageView|All&nav3=4213452,http://gis.npd.no/factmaps/html_21/?run=FieldByNPDID&NPDID=5774394
7220/7-1 JOHAN CASTBERG,Statoil Petroleum AS,Included in other discovery,OIL/GAS,7220/7-1,Barents sea,,,2012,7220/8-1 JOHAN CASTBERG,PRODUCTION LICENSE,532,21334480,,6756,http://factpages.npd.no/FactPages/default.aspx?nav1=discovery&nav2=PageView|All&nav3=21334480,http://gis.npd.no/factmaps/html_21/?run=DiscoveryByNPDID&NPDID=21334480
7220/7-3 S (Drivis),Statoil Petroleum AS,Included in other discovery,OIL/GAS,7220/7-3 S,Barents sea,,,2014,7220/8-1 JOHAN CASTBERG,PRODUCTION LICENSE,532,24624378,,7414,http://factpages.npd.no/FactPages/default.aspx?nav1=discovery&nav2=PageView|All&nav3=24624378,http://gis.npd.no/factmaps/html_21/?run=DiscoveryByNPDID&NPDID=24624378
7324/7-2 (Hanssen),OMV (Norge) AS,Included in other discovery,OIL,7324/7-2,Barents sea,,,2014,7324/8-1 (Wisting),PRODUCTION LICENSE,537,24700556,,7450,http://factpages.npd.no/FactPages/default.aspx?nav1=discovery&nav2=PageView|All&nav3=24700556,http://gis.npd.no/factmaps/html_21/?run=DiscoveryByNPDID&NPDID=24700556
9/2-3,Repsol Norge AS,Included in other discovery,OIL,9/2-3,North sea,YME,06.01.1995,1990,9/2-1 YME,PRODUCTION LICENSE,316,45104,43807,1294,http://factpages.npd.no/FactPages/default.aspx?nav1=discovery&nav2=PageView|All&nav3=45104,http://gis.npd.no/factmaps/html_21/?run=FieldByNPDID&NPDID=43807
9/2-6 S,Repsol Norge AS,Included in other discovery,OIL,9/2-6 S,North sea,YME,05.05.1998,1996,9/2-1 YME,PRODUCTION LICENSE,316,45110,43807,2867,http://factpages.npd.no/FactPages/default.aspx?nav1=discovery&nav2=PageView|All&nav3=45110,http://gis.npd.no/factmaps/html_21/?run=FieldByNPDID&NPDID=43807
9/2-7 S,Repsol Norge AS,Included in other discovery,OIL,9/2-7 S,North sea,YME,05.05.1998,1997,9/2-1 YME,PRODUCTION LICENSE,316,45116,43807,3087,http://factpages.npd.no/FactPages/default.aspx?nav1=discovery&nav2=PageView|All&nav3=45116,http://gis.npd.no/factmaps/html_21/?run=FieldByNPDID&NPDID=43807
9/2-9 S,Repsol Norge AS,Included in other discovery,OIL,9/2-9 S,North sea,YME,10.11.1999,1999,9/2-1 YME,PRODUCTION LICENSE,316,112160,43807,3703,http://factpages.npd.no/FactPages/default.aspx?nav1=discovery&nav2=PageView|All&nav3=112160,http://gis.npd.no/factmaps/html_21/?run=FieldByNPDID&NPDID=43807
